month,token_price_usd
1,0.05886967205420168
2,0.055926188451491596
3,0.052982704848781516
4,0.17065402560630652
5,0.16490549232860655
6,0.15705284983676812
7,0.29461569562150686
8,0.2894435822909082
9,0.28476366061906006
10,0.2805290923768944
11,0.2766974965821561
12,0.2732305253362877
